City Name,Latitude,Longitude,Temerature,Wind Speed,Clouds,Humidity,Country,Date
zambezi,-13.5432,23.1047,67.73,3.4,96,76,ZM,1650759878
staraya kulatka,52.7167,47.6167,44.53,0.25,84,85,RU,1650759879
chuy,-33.6971,-53.4616,55.24,9.46,0,64,UY,1650759879
dunedin,-45.8742,170.5036,56.8,11.01,88,65,NZ,1650759879
jamestown,42.097,-79.2353,68.86,0.0,0,43,US,1650759833
albany,42.6001,-73.9662,50.11,4.72,100,42,US,1650759772
thompson,55.7435,-97.8558,44.76,17.27,40,36,CA,1650759880
bambous virieux,-20.3428,57.7575,73.65,16.11,75,73,MU,1650759881
kamenka,51.3223,42.7678,48.29,4.0,78,66,RU,1650759881
vaini,-21.2,-175.2,82.56,4.61,75,74,TO,1650759882
saskylakh,71.9167,114.0833,0.97,4.61,86,96,RU,1650759882
fortuna,40.5982,-124.1573,57.06,11.5,0,78,US,1650759882
srednekolymsk,67.45,153.6833,17.26,2.62,99,83,RU,1650759883
le port,-20.9373,55.2919,72.01,8.97,66,65,RE,1650759884
ushuaia,-54.8,-68.3,42.46,11.5,40,75,AR,1650759656
rikitea,-23.1203,-134.9692,75.42,15.05,100,77,PF,1650759884
bredasdorp,-34.5322,20.0403,57.94,5.53,98,66,ZA,1650759885
esperance,-33.8667,121.9,57.04,7.7,18,79,AU,1650759885
severo-kurilsk,50.6789,156.125,34.93,9.35,100,98,RU,1650759886
arman,59.7,150.1667,35.02,5.41,100,62,RU,1650759886
nybro,56.7446,15.9071,41.7,11.45,89,85,SE,1650759849
qaanaaq,77.484,-69.3632,-2.51,5.55,14,81,GL,1650759887
mataura,-46.1927,168.8643,52.48,8.55,100,95,NZ,1650759887
tiksi,71.6872,128.8694,6.89,2.59,100,94,RU,1650759888
victoria,22.2855,114.1577,79.63,5.99,15,86,HK,1650759831
caravelas,-17.7125,-39.2481,77.65,7.09,16,91,BR,1650759888
usogorsk,63.4106,48.6872,33.64,2.3,100,100,RU,1650759888
punta arenas,-53.15,-70.9167,42.91,11.5,100,93,CL,1650759843
belyy yar,53.6039,91.3903,25.86,0.0,0,65,RU,1650759889
busselton,-33.65,115.3333,60.19,10.8,32,70,AU,1650759890
sioux lookout,50.1001,-91.917,35.67,9.22,100,100,CA,1650759890
luganville,-15.5333,167.1667,82.87,6.71,87,76,VU,1650759890
salalah,17.0151,54.0924,82.49,3.44,40,78,OM,1650759891
arlit,18.7369,7.3853,85.24,9.51,43,8,NE,1650759891
san andres,12.5847,-81.7006,82.42,12.66,40,78,CO,1650759892
hermanus,-34.4187,19.2345,58.42,4.12,100,64,ZA,1650759892
dikson,73.5069,80.5464,-3.86,9.95,100,100,RU,1650759893
dalby,-27.1833,151.2667,70.99,5.01,42,58,AU,1650759893
avarua,-21.2078,-159.775,78.85,10.36,20,89,CK,1650759894
tuktoyaktuk,69.4541,-133.0374,30.2,8.05,0,69,CA,1650759894
airai,-8.9266,125.4092,68.83,2.75,17,54,TL,1650759895
sitio novo do tocantins,-5.5183,-47.4611,73.35,2.95,100,97,BR,1650759895
kodiak,57.79,-152.4072,42.31,19.57,100,87,US,1650759896
sola,-13.8833,167.55,84.87,4.61,100,79,VU,1650759896
grand gaube,-20.0064,57.6608,73.38,5.01,65,74,MU,1650759896
cabo san lucas,22.8909,-109.9124,79.25,9.46,0,68,MX,1650759842
linxia,35.6003,103.2064,49.39,5.35,100,67,CN,1650759897
hambantota,6.1241,81.1185,75.54,1.14,40,100,LK,1650759898
upernavik,72.7868,-56.1549,9.25,8.32,100,91,GL,1650759898
bluff,-46.6,168.3333,52.81,20.78,94,75,NZ,1650759898
saint-philippe,-21.3585,55.7679,70.32,12.41,67,68,RE,1650759899
port alfred,-33.5906,26.891,63.03,4.47,97,84,ZA,1650759899
cape town,-33.9258,18.4232,55.24,8.05,20,74,ZA,1650759872
faya,18.3851,42.4509,57.72,3.42,44,40,SA,1650759900
cayenne,4.9333,-52.3333,80.1,0.0,0,1,GF,1650759751
hilo,19.7297,-155.09,78.82,10.36,75,76,US,1650759867
swan hill,-35.3378,143.5544,64.49,8.34,0,56,AU,1650759901
barrow,71.2906,-156.7887,17.62,0.0,100,86,US,1650759901
lagoa,39.05,-27.9833,57.76,23.44,21,69,PT,1650759901
joaima,-16.6542,-41.0306,78.58,2.55,72,60,BR,1650759902
bengkulu,-3.8004,102.2655,75.13,6.87,100,88,ID,1650759903
kattivakkam,13.2167,80.3167,84.07,7.0,93,86,IN,1650759903
norman wells,65.282,-126.8329,44.64,19.57,20,45,CA,1650759903
high level,58.5169,-117.136,50.11,11.5,20,23,CA,1650759904
vao,-22.6667,167.4833,75.0,24.96,89,72,NC,1650759904
kaitangata,-46.2817,169.8464,52.48,13.02,92,84,NZ,1650759905
alta floresta,-9.8756,-56.0861,73.56,2.06,79,92,BR,1650759906
cherskiy,68.75,161.3,19.58,3.06,99,83,RU,1650759906
rongcheng,30.634,117.8517,72.39,3.0,2,81,CN,1650759907
tripoli,32.8752,13.1875,64.44,11.95,15,56,LY,1650759901
mandera,3.9366,41.867,82.56,15.03,100,63,KE,1650759907
mar del plata,-38.0023,-57.5575,64.87,9.22,0,69,AR,1650759908
majene,-3.5403,118.9707,82.38,4.63,88,78,ID,1650759908
east london,-33.0153,27.9116,62.83,7.07,100,89,ZA,1650759908
walvis bay,-22.9575,14.5053,54.55,2.3,0,87,NA,1650759909
myanaung,18.2833,95.3167,82.44,3.53,10,73,MM,1650759909
mae hong son,19.3003,97.9685,80.74,2.3,45,74,TH,1650759910
lebu,-37.6167,-73.65,52.32,8.95,16,85,CL,1650759910
sibenik,43.7272,15.9058,61.38,11.99,5,59,HR,1650759911
kilindoni,-7.9139,39.6668,80.8,5.17,100,79,TZ,1650759911
asfi,32.2994,-9.2372,59.92,11.16,54,66,MA,1650759911
sambava,-14.2667,50.1667,74.17,9.28,82,92,MG,1650759912
husavik,66.0449,-17.3389,44.24,2.46,30,78,IS,1650759912
sala,34.0389,-6.8166,50.68,3.44,40,100,MA,1650759913
yulara,-25.2406,130.9889,67.84,14.97,8,37,AU,1650759913
vila velha,-20.3297,-40.2925,79.95,13.8,0,84,BR,1650759914
komsomolskiy,40.4272,71.7189,61.52,6.91,77,63,UZ,1650759914
novyy svit,47.8059,38.0211,52.47,15.23,99,70,UA,1650759915
ribeira grande,38.5167,-28.7,58.01,22.53,35,74,PT,1650759915
awbari,26.5921,12.7805,72.64,8.75,0,13,LY,1650759916
khatanga,71.9667,102.5,2.71,3.38,88,95,RU,1650759916
hobart,-42.8794,147.3294,57.97,8.05,20,66,AU,1650759917
pimenta bueno,-11.6725,-61.1936,73.4,2.1,57,95,BR,1650759917
talnakh,69.4865,88.3972,-2.79,3.09,78,98,RU,1650759918
merauke,-8.4667,140.3333,82.94,3.91,100,75,ID,1650759918
butaritari,3.0707,172.7902,81.57,14.85,90,75,KI,1650759918
port hardy,50.6996,-127.4199,51.98,10.36,100,66,CA,1650759826
yellowknife,62.456,-114.3525,32.52,10.36,0,59,CA,1650759730
de-kastri,51.4667,140.7833,29.7,12.57,100,96,RU,1650759919
alihe,50.5667,123.7167,41.22,9.19,5,27,CN,1650759920
poum,-20.2333,164.0167,77.63,7.74,52,72,NC,1650759921
petropavlovsk-kamchatskiy,53.0452,158.6483,37.99,4.47,75,93,RU,1650759921
nome,64.5011,-165.4064,42.87,8.05,100,61,US,1650759921
iquitos,-3.7481,-73.2472,78.84,1.14,20,94,PE,1650759922
chokurdakh,70.6333,147.9167,1.15,2.8,98,94,RU,1650759860
puerto ayora,-0.7393,-90.3518,73.27,7.54,56,87,EC,1650759922
san mateo del mar,16.2,-95.0,83.88,13.82,1,71,MX,1650759923
dawlatabad,36.4141,64.9053,68.58,2.19,98,55,AF,1650759923
atuona,-9.8,-139.0333,79.25,15.95,65,78,PF,1650759924
bosaso,11.2842,49.1816,84.61,7.45,34,63,SO,1650759924
sabha,27.0377,14.4283,70.16,11.34,0,16,LY,1650759925
port lincoln,-34.7333,135.8667,66.45,17.25,22,79,AU,1650759925
santiago del estero,-27.7951,-64.2615,67.48,9.24,18,77,AR,1650759839
shiroi,35.8,140.0667,66.43,11.74,100,59,JP,1650759926
jining,35.405,116.5814,71.01,9.78,81,63,CN,1650759887
henties bay,-22.116,14.2845,59.34,11.1,36,89,NA,1650759926
longyearbyen,78.2186,15.6401,22.84,12.66,75,93,SJ,1650759927
bethel,41.3712,-73.414,54.86,1.01,99,57,US,1650759818
san pedro,14.35,121.0167,85.84,3.44,20,64,PH,1650759927
mosquera,4.7059,-74.2302,57.29,6.91,75,88,CO,1650759833
port-gentil,-0.7193,8.7815,80.58,5.66,98,82,GA,1650759928
arraial do cabo,-22.9661,-42.0278,78.06,4.88,3,75,BR,1650759928
kieta,-6.2167,155.6333,85.24,3.98,99,60,PG,1650759929
kudat,6.8837,116.8477,84.13,4.61,20,84,MY,1650759929
mamallapuram,12.6264,80.1722,84.25,3.83,92,81,IN,1650759929
tatawin,32.9297,10.4518,65.1,4.0,10,35,TN,1650759930
oyem,1.5995,11.5793,68.52,2.06,100,99,GA,1650759930
muisne,0.6,-80.0333,77.02,4.03,47,81,EC,1650759931
gasa,31.5,34.4667,64.89,4.47,5,86,PS,1650759931
mmathubudukwane,-24.6,26.4333,62.74,2.1,21,85,BW,1650759932
lavrentiya,65.5833,-171.0,29.84,3.31,99,76,RU,1650759933
kapaa,22.0752,-159.319,77.4,16.11,75,81,US,1650759934
dillon,34.4166,-79.3712,71.76,8.97,19,62,US,1650759934
krasnoselkup,65.7,82.4667,-0.56,6.33,98,99,RU,1650759935
cidreira,-30.1811,-50.2056,60.87,8.7,0,69,BR,1650759935
chekhov,55.1431,37.4711,42.96,4.03,99,80,RU,1650759935
santa ana,33.7456,-117.8678,73.27,12.66,20,40,US,1650759668
sechura,-5.5569,-80.8222,70.68,18.05,17,74,PE,1650759936
bloemfontein,-29.1211,26.214,51.28,1.14,62,93,ZA,1650759937
nelson bay,-32.7167,152.15,67.77,11.5,25,84,AU,1650759937
nikolskoye,59.7035,30.7861,38.07,9.62,100,83,RU,1650759937
tuatapere,-46.1333,167.6833,50.36,13.24,100,83,NZ,1650759938
aranda de duero,41.6704,-3.6892,39.81,13.09,93,84,ES,1650759938
miles city,46.4083,-105.8406,34.77,36.82,100,100,US,1650759650
meteti,8.4983,-77.9786,76.1,1.68,22,89,PA,1650759939
cacu,-18.5567,-51.1308,73.9,0.29,66,69,BR,1650759939
saint-georges,12.0564,-61.7485,78.48,5.75,20,78,GD,1650759913
verkh-usugli,52.7,115.1667,35.96,2.75,81,49,RU,1650759940
sept-iles,50.2001,-66.3821,36.05,11.5,20,55,CA,1650759902
georgetown,5.4112,100.3354,80.44,4.61,20,94,MY,1650759814
shakawe,-18.3667,21.85,62.04,1.92,3,57,BW,1650759941
griffith,41.5284,-87.4237,77.81,13.8,0,47,US,1650759713
bay roberts,47.5999,-53.2648,35.91,5.99,100,88,CA,1650759941
sosva,59.1766,61.8558,29.71,5.82,97,83,RU,1650759941
goderich,43.7501,-81.7165,59.32,16.11,30,58,CA,1650759942
hithadhoo,-0.6,73.0833,84.07,7.29,100,74,MV,1650759942
new norfolk,-42.7826,147.0587,54.32,2.37,28,66,AU,1650759943
anadyr,64.75,177.4833,28.0,4.47,20,68,RU,1650759943
saint-francois,46.4154,3.9054,45.84,3.44,0,87,FR,1650759943
batticaloa,7.7102,81.6924,78.87,5.64,100,83,LK,1650759944
ostrovnoy,68.0531,39.5131,29.86,12.37,48,88,RU,1650759945
castro,-24.7911,-50.0119,61.2,3.09,100,95,BR,1650759945
kavaratti,10.5669,72.642,83.73,2.62,71,71,IN,1650759946
pedernales,18.0384,-71.744,78.44,3.67,100,72,DO,1650759946
sorland,67.667,12.6934,42.12,8.46,97,86,NO,1650759946
mikumi,-7.4041,36.9831,69.19,0.78,99,97,TZ,1650759947
narsaq,60.9167,-46.05,39.42,3.13,100,98,GL,1650759947
hervey bay,-25.2986,152.8535,74.28,23.55,91,60,AU,1650759947
aubenas,44.6201,4.3899,44.17,2.73,95,98,FR,1650759948
sao filipe,14.8961,-24.4956,74.01,6.17,0,75,CV,1650759948
sitka,57.0531,-135.33,46.29,6.91,75,81,US,1650759949
guayaramerin,-10.8368,-65.3614,75.97,2.8,83,88,BO,1650759949
terneuzen,51.2809,3.8392,54.28,5.01,100,63,NL,1650759950
nanortalik,60.1432,-45.2371,34.93,6.4,100,99,GL,1650759950
boffa,10.1667,-14.0333,77.5,2.04,39,82,GN,1650759951
sobolevo,54.4299,31.8996,46.81,13.44,100,91,RU,1650759951
souillac,-20.5167,57.5167,73.78,16.11,75,73,MU,1650759952
farah,32.5,62.5,69.53,4.29,69,35,AF,1650759952
ocampo,21.65,-101.5,79.09,6.06,55,15,MX,1650759952
okha,53.5739,142.9478,28.47,9.53,58,87,RU,1650759953
milkovo,54.7167,158.6167,32.47,9.06,100,94,RU,1650759953
viedma,-40.8135,-62.9967,61.27,21.36,0,30,AR,1650759954
anloga,5.7947,0.8973,81.81,6.89,89,86,GH,1650759954
cervo,43.6702,-7.4101,53.96,11.61,84,80,ES,1650759954
sur,22.5667,59.5289,83.43,12.3,1,43,OM,1650759955
moerai,-22.4333,-151.3333,76.95,21.81,100,73,PF,1650759955
margate,51.3813,1.3862,51.84,7.0,100,80,GB,1650759955
provideniya,64.3833,-173.3,32.68,2.46,90,60,RU,1650759956
nikki,9.9401,3.2108,81.7,9.13,86,59,BJ,1650759956
port elizabeth,-33.918,25.5701,60.69,11.5,100,97,ZA,1650759957
kiama,-34.6833,150.8667,67.17,3.0,8,84,AU,1650759957
vardo,70.3705,31.1107,38.25,10.27,100,88,NO,1650759958
hamilton,39.1834,-84.5333,76.75,9.22,0,45,US,1650759823
constitucion,-35.3333,-72.4167,56.44,6.15,75,91,CL,1650759956
klaksvik,62.2266,-6.589,43.72,21.77,100,86,FO,1650759958
gladstone,-23.85,151.25,71.53,18.41,100,68,AU,1650759929
katsuura,35.1333,140.3,66.79,8.1,100,86,JP,1650759959
zhigansk,66.7697,123.3711,13.37,10.76,95,93,RU,1650759959
mount gambier,-37.8333,140.7667,58.91,11.5,0,72,AU,1650759960
hasaki,35.7333,140.8333,66.6,12.95,100,86,JP,1650759960
saint george,37.1041,-113.5841,66.52,14.97,0,19,US,1650759936
boende,-0.2167,20.8667,70.68,2.24,40,97,CD,1650759961
bonthe,7.5264,-12.505,79.74,2.33,72,85,SL,1650759961
soderhamn,61.3037,17.0592,37.96,10.98,30,78,SE,1650759961
luderitz,-26.6481,15.1594,54.84,23.09,1,79,NA,1650759962
salinopolis,-0.6136,-47.3561,74.25,5.66,100,92,BR,1650759962
beringovskiy,63.05,179.3167,27.77,1.9,89,83,RU,1650759963
taoudenni,22.6783,-3.9836,78.04,9.98,3,16,ML,1650759964
bibiani,6.4635,-2.3194,72.39,2.53,80,98,GH,1650759964
santa maria,-29.6842,-53.8069,52.9,2.3,0,94,BR,1650759840
itoman,26.1247,127.6694,78.64,17.27,75,80,JP,1650759965
atar,20.5169,-13.0499,75.87,7.76,2,27,MR,1650759965
luan,46.3592,6.9759,36.18,3.33,99,91,CH,1650759966
jonesboro,35.8423,-90.7043,77.81,13.8,75,57,US,1650759966
saldanha,-33.0117,17.9442,50.05,18.48,0,69,ZA,1650759967
banff,51.1762,-115.5698,44.98,9.22,82,42,CA,1650759826
brae,60.3964,-1.353,44.83,14.38,79,78,GB,1650759967
isangel,-19.55,169.2667,84.31,4.61,75,70,VU,1650759967
mujiayingzi,42.1167,118.7833,57.13,2.08,78,22,CN,1650759968
abha,18.2164,42.5053,57.45,0.0,0,77,SA,1650759754
elat,29.5581,34.9482,73.24,5.75,1,46,IL,1650759969
san cristobal,7.7669,-72.225,71.78,2.51,90,97,VE,1650759969
misratah,32.3754,15.0925,62.71,8.43,0,71,LY,1650759970
pevek,69.7008,170.3133,14.11,1.99,99,92,RU,1650759970
mehamn,71.0357,27.8492,38.16,12.28,96,95,NO,1650759971
faanui,-16.4833,-151.75,79.54,8.55,84,75,PF,1650759972
mgandu,-5.95,34.1333,60.91,3.76,95,97,TZ,1650759972
ponta do sol,32.6667,-17.1,60.1,0.65,76,62,PT,1650759972
jacqueville,5.2052,-4.4146,81.07,5.84,68,86,CI,1650759973
dorado,18.4588,-66.2677,76.32,11.3,92,78,PR,1650759973
kozienice,51.5829,21.5478,42.13,7.61,10,37,PL,1650759974
ahipara,-35.1667,173.1667,65.25,14.76,59,62,NZ,1650759974
iskateley,67.6803,53.1512,4.33,4.59,100,96,RU,1650759975
camana,-16.6228,-72.7111,68.13,6.82,4,86,PE,1650759975
olafsvik,64.8945,-23.7142,44.4,5.95,43,92,IS,1650759976
koumac,-20.5667,164.2833,79.29,5.75,26,65,NC,1650759976
vestmannaeyjar,63.4427,-20.2734,46.15,6.04,62,85,IS,1650759976
tucuman,-26.8241,-65.2226,60.8,0.0,40,94,AR,1650759977
sibolga,1.7427,98.7792,77.63,3.38,100,88,ID,1650759977
nikko,36.75,139.6167,59.59,4.68,100,71,JP,1650759977
mitsamiouli,-11.3847,43.2844,81.45,11.9,100,82,KM,1650759978
banda aceh,5.5577,95.3222,80.26,4.83,24,84,ID,1650759721
vereshchagino,58.0789,54.6557,31.95,0.67,90,91,RU,1650759978
tirumullaivasal,11.2333,79.8333,81.39,1.74,84,79,IN,1650759979
havre-saint-pierre,50.2334,-63.5986,35.96,10.36,100,60,CA,1650759979
oistins,13.0667,-59.5333,78.89,14.97,20,69,BB,1650759980
marawi,7.9986,124.2928,74.71,1.79,69,82,PH,1650759980
nexo,55.0607,15.1306,42.89,18.14,94,90,DK,1650759981
morros,-9.4467,-46.3003,74.89,1.63,73,71,BR,1650759981
riberalta,-10.9833,-66.1,77.54,2.82,81,80,BO,1650759981
villaviciosa,43.4813,-5.4357,54.1,6.69,100,72,ES,1650759982
grindavik,63.8424,-22.4338,43.27,2.3,75,81,IS,1650759982
nicoya,10.1483,-85.452,81.48,3.33,57,73,CR,1650759983
balkanabat,39.5108,54.3671,63.37,3.51,0,58,TM,1650759983
port augusta,-32.5,137.7667,72.45,10.13,84,53,AU,1650759984
amarante do maranhao,-5.5667,-46.7422,72.25,3.06,100,98,BR,1650759984
kenmare,51.8833,-9.5833,46.56,5.93,76,93,IE,1650759985
coahuayana,18.7333,-103.6833,82.08,6.67,0,51,MX,1650759985
priladozhskiy,59.85,31.4833,35.53,10.04,88,1,RU,1650759986
marsa matruh,31.3525,27.2453,63.63,1.39,3,61,EG,1650759986
aklavik,68.2191,-135.0107,31.8,8.5,29,100,CA,1650759987
lai,9.3952,16.2989,85.15,5.35,97,45,TD,1650759987
rehburg-loccum,52.4667,9.2,49.03,11.01,4,64,DE,1650759988
darab,28.7519,54.5444,66.16,1.07,68,21,IR,1650759988
sao joao da barra,-21.6403,-41.0511,77.47,10.25,5,79,BR,1650759821
bambanglipuro,-7.95,110.2833,78.46,4.27,99,88,ID,1650759989
coquimbo,-29.9533,-71.3436,56.93,2.3,100,94,CL,1650759989
christchurch,-43.5333,172.6333,61.11,17.27,20,63,NZ,1650759731
elmira,42.0898,-76.8077,60.28,4.61,100,44,US,1650759990
cortez,37.3489,-108.5859,51.15,11.5,75,18,US,1650759990
ambilobe,-13.2,49.05,71.13,3.67,74,92,MG,1650759990
progreso,21.2833,-89.6667,79.11,19.39,0,81,MX,1650759991
qaqortoq,60.7167,-46.0333,35.85,5.3,100,98,GL,1650759992
urusha,54.05,122.9,36.1,5.03,3,30,RU,1650759992
mahebourg,-20.4081,57.7,73.69,16.11,75,73,MU,1650759992
piacabucu,-10.4056,-36.4344,78.26,7.14,19,84,BR,1650759993
storsteinnes,69.2408,19.2344,34.45,2.98,41,81,NO,1650759993
robertsport,6.7533,-11.3686,80.85,7.47,57,85,LR,1650759994
gizo,-8.103,156.8419,84.7,4.5,83,65,SB,1650759994
castellarano,44.5131,10.7329,48.36,5.39,56,90,IT,1650759995
bonavista,48.6499,-53.1147,32.7,22.03,100,94,CA,1650759995
yamethin,20.4333,96.15,80.98,7.34,5,61,MM,1650759996
san carlos de bariloche,-41.1456,-71.3082,42.55,25.32,75,87,AR,1650759996
leamington,42.0549,-82.6062,52.2,5.99,45,83,CA,1650759823
opuwo,-18.0607,13.84,64.13,2.68,8,54,NA,1650759997
berdychiv,49.8993,28.6024,44.37,5.61,95,94,UA,1650759997
churapcha,62.0025,132.4325,30.15,1.9,57,70,RU,1650759997
clyde river,70.4692,-68.5914,-5.57,3.44,20,77,CA,1650759998
muravlenko,63.7898,74.523,3.33,6.11,48,99,RU,1650759998
leningradskiy,69.3833,178.4167,25.02,3.47,100,88,RU,1650759999
vawkavysk,53.1561,24.4513,39.83,2.15,82,98,BY,1650759999
kagalnik,47.0769,39.323,56.71,10.22,97,73,RU,1650760000
togur,58.3631,82.8265,22.44,5.26,97,93,RU,1650760000
talaya,61.3833,152.75,19.0,5.73,100,85,RU,1650760000
tura,25.5198,90.2201,71.29,5.26,1,94,IN,1650760001
iqaluit,63.7506,-68.5145,11.93,2.3,40,67,CA,1650760002
geraldton,-28.7667,114.6,68.41,13.8,5,56,AU,1650760002
susanville,40.4163,-120.653,58.87,5.01,0,29,US,1650760003
beloha,-25.1667,45.05,74.17,5.3,100,81,MG,1650760003
srivardhan,18.0333,73.0167,83.64,2.28,64,77,IN,1650760003
los llanos de aridane,28.6585,-17.9182,56.12,5.01,20,82,ES,1650760004
palafrugell,41.9174,3.1631,50.58,5.01,74,46,ES,1650760004
jackson,42.4165,-122.8345,67.73,8.05,0,20,US,1650759901
namibe,-15.1961,12.1522,70.27,5.35,43,81,AO,1650760005
synya,65.3718,58.0387,15.53,2.33,83,96,RU,1650760005
dingle,10.9995,122.6711,82.22,8.37,94,79,PH,1650760005
tasiilaq,65.6145,-37.6368,32.16,6.38,94,88,GL,1650760006
bemidji,47.4736,-94.8803,57.18,14.97,40,89,US,1650760006
dwarka,22.2394,68.9678,80.51,12.46,1,76,IN,1650760007
petatlan,17.5167,-101.2667,84.0,6.17,2,62,MX,1650760007
bouna,9.2667,-3.0,80.08,6.22,92,62,CI,1650760008
lorengau,-2.0226,147.2712,83.79,7.47,84,75,PG,1650760008
baft,29.234,56.6057,54.5,0.94,22,42,IR,1650760008
santa rosa,14.3122,121.1114,86.56,9.24,36,68,PH,1650759868
balezino,57.9796,53.0106,30.67,2.08,94,96,RU,1650760009
mattru,7.6244,-11.8332,77.0,1.61,70,89,SL,1650760009
mahendranagar,28.9167,80.3333,73.51,6.85,0,22,NP,1650760010
genhe,50.7833,121.5167,38.37,1.52,35,33,CN,1650760010
bongandanga,1.5,21.05,69.6,2.55,90,98,CD,1650760011
isiro,2.7739,27.616,66.54,0.47,99,83,CD,1650760011
tiznit,29.5833,-9.5,52.88,8.19,29,82,MA,1650760012
tilichiki,60.4667,166.1,26.15,7.94,100,86,RU,1650760012
coruripe,-10.1256,-36.1756,77.45,8.14,38,87,BR,1650760013
kruisfontein,-34.0033,24.7314,58.89,6.38,82,93,ZA,1650760013
palana,59.1167,159.9667,28.54,7.11,100,86,RU,1650760013
nehe,48.4833,124.8333,47.41,8.12,20,27,CN,1650760014
carnarvon,-24.8667,113.6333,66.27,5.75,0,100,AU,1650760014
ullapool,57.8987,-5.1604,46.35,5.82,99,93,GB,1650760015
nabire,-3.3667,135.4833,80.89,1.14,97,74,ID,1650760015
egvekinot,66.3167,-179.1667,22.35,2.1,100,82,RU,1650760016
acarau,-2.8856,-40.12,75.07,9.15,100,93,BR,1650760016
mezen,65.8522,44.24,17.76,3.36,70,98,RU,1650760016
bako,5.7833,36.5667,62.35,3.8,87,92,ET,1650760017
pisco,-13.7,-76.2167,64.45,8.05,0,88,PE,1650759899
shimoda,34.6667,138.95,64.76,9.93,100,88,JP,1650760018
north bend,43.4065,-124.2243,58.01,11.5,0,74,US,1650759901
labuhan,-6.8844,112.2051,79.88,4.72,99,85,ID,1650760018
tuni,17.35,82.55,79.88,7.7,97,81,IN,1650760019
preobrazheniye,42.9019,133.9064,52.12,10.33,3,66,RU,1650760019
svetlaya,46.5389,138.3297,40.05,4.32,97,86,RU,1650760020
westport,41.1415,-73.3579,54.32,10.36,100,60,US,1650759939
torbay,47.6666,-52.7314,33.73,14.97,100,93,CA,1650760020
coihaique,-45.5752,-72.0662,40.95,5.75,100,93,CL,1650759787
mayang imphal,24.6167,93.8833,65.61,0.65,0,80,IN,1650760021
san policarpo,12.1791,125.5072,82.24,9.44,100,81,PH,1650760021
la peca,-5.6111,-78.435,73.09,3.6,84,76,PE,1650760022
damaturu,11.747,11.9608,89.28,4.14,72,23,NG,1650760022
koutsouras,35.0339,25.9469,62.11,6.82,23,80,GR,1650760023
honiara,-9.4333,159.95,86.32,4.09,34,63,SB,1650760023
watrous,51.6668,-105.4679,44.38,25.32,100,61,CA,1650760024
inverell,-29.7833,151.1167,69.22,5.99,84,50,AU,1650760018
vila franca do campo,37.7167,-25.4333,58.19,12.71,68,77,PT,1650760024
eldorado,-23.7869,-54.2836,69.93,3.98,84,92,BR,1650760024
mundo nuevo,18.7,-95.5,80.96,16.82,0,74,MX,1650760025
celestun,20.8667,-90.4,80.83,18.66,10,72,MX,1650760025
lardos,36.0942,28.0157,62.42,7.29,58,59,GR,1650760026
vilyuysk,63.7553,121.6247,24.17,2.57,100,91,RU,1650760026
manakara,-22.1333,48.0167,74.77,13.8,100,87,MG,1650760027
bonfim,3.0833,-59.95,84.13,9.6,82,63,BR,1650760027
aykhal,66.0,111.5,13.06,4.05,95,95,RU,1650760028
savinka,50.0785,47.0994,44.49,3.69,94,90,RU,1650760028
norrkoping,58.5942,16.1826,42.98,9.22,100,69,SE,1650760028
black river,18.0264,-77.8487,77.4,2.73,85,80,JM,1650760029
san quintin,30.4833,-115.95,62.51,13.49,0,66,MX,1650759806
namatanai,-3.6667,152.4333,84.78,6.78,93,65,PG,1650760030
sedan,49.6667,5.0,51.73,8.23,100,81,FR,1650760030
campo grande,-20.4428,-54.6464,69.35,4.61,0,78,BR,1650760031
ca mau,9.1769,105.15,82.11,4.34,70,79,VN,1650760031
sao borja,-28.6606,-56.0044,56.19,5.79,0,70,BR,1650760031
pangody,65.85,74.4859,-6.93,4.63,84,100,RU,1650760032
flekkefjord,58.2971,6.6607,46.06,11.25,41,59,NO,1650760032
ulaangom,49.9811,92.0667,35.06,5.64,11,51,MN,1650760032
byron bay,-28.65,153.6167,72.72,14.36,85,79,AU,1650760033
shingu,33.7333,135.9833,61.81,7.65,100,95,JP,1650760033
korcula,42.9622,17.1369,58.78,13.58,14,80,HR,1650760034
zaporizhzhya,47.8167,35.1833,52.61,9.6,100,78,UA,1650760034
sayyan,15.1718,44.3244,58.87,1.83,73,36,YE,1650760035
mikkeli,61.6886,27.2723,35.71,4.61,20,64,FI,1650760036
hanmer springs,-42.5167,172.8167,59.23,5.39,92,61,NZ,1650760036
riyadh,24.6877,46.7219,78.94,13.04,94,24,SA,1650759837
kavieng,-2.5744,150.7967,84.31,11.23,48,69,PG,1650760037
galle,6.0367,80.217,79.97,7.74,94,83,LK,1650760037
gavrilovka vtoraya,52.877,42.7663,47.21,3.44,56,62,RU,1650760038
tsabong,-26.0217,22.401,69.48,14.99,64,46,BW,1650760038
kangaatsiaq,68.3065,-53.4641,23.13,6.87,100,94,GL,1650760039
hella,67.2,14.4333,33.94,3.44,72,80,NO,1650760039
evensk,61.95,159.2333,27.82,20.2,83,69,RU,1650760040
perpignan,42.75,2.75,48.31,4.61,75,86,FR,1650760040
kysyl-syr,63.8986,122.7617,22.53,2.71,100,84,RU,1650760040
mayna,54.1135,47.6231,41.79,2.82,71,60,RU,1650760041
neuquen,-38.9516,-68.0591,58.89,6.91,0,44,AR,1650760041
lompoc,34.6391,-120.4579,62.6,28.77,0,61,US,1650760042
taywarah,33.35,64.4167,48.4,3.0,75,46,AF,1650760042
tual,-5.6667,132.75,83.77,4.59,63,71,ID,1650760042
luau,-10.7073,22.2247,63.5,3.0,74,95,AO,1650760043
batemans bay,-35.7167,150.1833,65.1,3.85,11,71,AU,1650760043
solnechnyy,50.7214,136.6319,30.79,1.97,100,98,RU,1650760044
balakhninskiy,58.0106,114.2769,26.06,2.17,95,74,RU,1650760044
pindiga,9.9833,10.9333,84.16,13.62,26,50,NG,1650760045
puerto carreno,6.189,-67.4859,86.68,6.85,45,54,CO,1650760045
guerrero negro,27.9769,-114.0611,63.12,21.7,0,63,MX,1650760045
manavalakurichi,8.1333,77.3,79.47,4.25,89,83,IN,1650760046
fort morgan,40.2503,-103.8,56.05,29.93,0,24,US,1650760046
ust-uda,54.1742,103.0304,27.18,3.69,79,59,RU,1650760047
tabas,33.5959,56.9244,72.3,1.68,1,36,IR,1650760048
menongue,-14.6585,17.691,57.04,2.01,69,72,AO,1650760048
lucapa,-8.4192,20.7447,65.59,2.59,81,95,AO,1650760049
illapel,-31.6308,-71.1653,65.71,2.24,2,61,CL,1650759971
besikduzu,41.052,39.2284,53.49,4.56,2,60,TR,1650760049
jaque,7.5175,-78.1703,78.98,1.1,42,81,PA,1650760049
ancud,-41.8697,-73.8203,52.23,23.09,100,87,CL,1650760050
muncie,40.1934,-85.3864,75.99,1.99,59,49,US,1650760026
hearst,49.6835,-83.6665,39.45,13.82,100,94,CA,1650760050
richards bay,-28.783,32.0377,68.41,4.25,54,95,ZA,1650760051
valdemarpils,57.3707,22.5919,41.85,13.98,76,82,LV,1650760051
mangrol,21.1167,70.1167,80.76,11.92,0,63,IN,1650760051
maarianhamina,60.0973,19.9348,37.26,9.22,0,75,AX,1650760052
mayo,38.8876,-76.5119,62.73,10.0,0,66,US,1650760052
fort saint james,54.4333,-124.25,54.03,8.1,100,40,CA,1650760053
homer,59.6425,-151.5483,46.09,6.91,0,64,US,1650760053
puri,19.8,85.85,81.12,16.37,46,89,IN,1650760054
raahe,64.6833,24.4833,35.69,2.17,34,92,FI,1650760054
kaduy,59.2,37.15,38.14,8.08,100,87,RU,1650760055
dashitou,43.3067,128.5114,54.55,15.99,74,43,CN,1650760055
karacakoy,41.4029,28.3834,57.67,4.25,2,81,TR,1650760056
hailar,49.2,119.7,39.49,13.31,81,51,CN,1650760056
tarbagatay,51.4803,107.3602,32.49,3.18,11,41,RU,1650760057
yenagoa,4.9247,6.2642,77.14,3.56,79,94,NG,1650760057
waddan,29.1614,16.139,61.75,1.92,0,42,LY,1650760058
karratha,-20.7377,116.8463,81.77,5.06,4,41,AU,1650760058
coihueco,-36.6167,-71.8333,56.14,14.97,100,94,CL,1650760059
eirunepe,-6.6603,-69.8736,76.1,1.23,86,90,BR,1650759935
aktau,43.65,51.2,43.38,5.1,0,69,KZ,1650760059
phalodi,27.1333,72.3667,81.5,4.97,53,14,IN,1650760060
den helder,52.9599,4.7593,51.48,20.0,1,77,NL,1650760060
cartagena del chaira,1.3349,-74.8429,75.31,2.84,34,93,CO,1650760060
pitimbu,-7.4706,-34.8086,75.79,7.83,98,84,BR,1650760061
pochutla,15.7432,-96.4661,83.82,7.99,37,55,MX,1650760061
bara,10.3744,10.7288,88.03,13.38,57,40,NG,1650760062
alofi,-19.0595,-169.9187,85.89,4.61,72,62,NU,1650760062
guacui,-20.7756,-41.6794,67.86,3.85,3,80,BR,1650760062
caucaia,-3.7361,-38.6531,74.03,5.75,75,87,BR,1650760063
matay,28.419,30.7792,67.51,13.56,69,37,EG,1650760064
catia la mar,10.6038,-67.0303,84.4,8.05,75,65,VE,1650760064
san patricio,28.017,-97.5169,77.92,18.23,82,69,US,1650760064
antalaha,-14.9003,50.2788,73.8,5.28,92,94,MG,1650760065
whitehorse,60.7161,-135.0538,46.74,18.41,75,42,CA,1650760065
tambovka,50.0969,128.0489,40.95,19.84,34,46,RU,1650760066
rio grande,-32.035,-52.0986,59.95,8.46,0,61,BR,1650760066
hirara,24.8,125.2833,80.87,11.5,40,89,JP,1650760067
codrington,-38.2667,141.9667,59.52,9.01,3,67,AU,1650760067
nampula,-15.1165,39.2666,71.55,8.05,75,94,MZ,1650760068
bud,39.447,-86.1758,77.52,11.97,73,46,US,1650760068
waingapu,-9.6567,120.2641,81.93,7.81,81,78,ID,1650760068
natal,-5.795,-35.2094,75.42,6.91,20,94,BR,1650759800
tessalit,20.1986,1.0114,78.98,9.33,38,7,ML,1650760069
manzhouli,49.6,117.4333,38.79,12.68,70,61,CN,1650760070
verkhnevilyuysk,63.4453,120.3167,25.57,1.52,97,85,RU,1650760070
saint-pierre,-21.3393,55.4781,70.21,8.05,0,74,RE,1650760070
centralia,46.7162,-122.9543,62.56,5.75,0,49,US,1650760071
laguna,38.421,-121.4238,77.18,11.5,0,21,US,1650760065
ati,13.2154,18.3353,89.62,8.3,92,15,TD,1650760072
krasnoborsk,61.5598,45.934,33.8,4.0,100,97,RU,1650760072
bang rakam,16.7585,100.1174,82.4,5.75,0,74,TH,1650760072
broken hill,-31.95,141.4333,65.91,14.97,100,59,AU,1650760073
mitu,1.1983,-70.1733,78.66,2.06,96,78,CO,1650760073
saint-leu,-21.15,55.2833,69.3,6.11,84,70,RE,1650760074
tambura,5.6,27.4667,69.94,2.55,98,84,SS,1650760074
emba,48.8264,58.1442,43.95,11.16,100,83,KZ,1650760075
camargo,27.6667,-105.1667,91.76,22.26,0,5,MX,1650760075
sakakah,29.9697,40.2064,63.97,10.04,57,67,SA,1650760076
mikuni,36.2171,136.1519,60.71,3.31,100,61,JP,1650760076
klamath falls,42.2249,-121.7817,58.89,4.63,0,20,US,1650760077
nizwa,22.9333,57.5333,76.35,2.53,19,41,OM,1650760077
kathmandu,27.7167,85.3167,61.02,2.3,20,77,NP,1650759963
fredericton,45.9454,-66.6656,39.69,16.11,0,36,CA,1650760077
sidi ali,36.0998,0.4206,53.06,9.17,3,70,DZ,1650760078
vostok,46.4856,135.8833,41.92,14.25,100,82,RU,1650760078
panjab,34.388,67.0233,46.26,2.3,88,66,AF,1650760078
puerto colombia,10.9878,-74.9547,80.69,13.31,63,77,CO,1650760079
upata,8.0086,-62.3989,79.92,6.98,100,56,VE,1650760079
yerbogachen,61.2767,108.0108,26.29,2.68,100,84,RU,1650760079
florianopolis,-27.6146,-48.5012,65.79,5.75,75,72,BR,1650760080
teonthar,24.9833,81.65,84.2,2.59,2,21,IN,1650760080
jardim,-21.4803,-56.1381,76.08,3.71,76,73,BR,1650760081
bathsheba,13.2167,-59.5167,79.41,14.97,20,69,BB,1650760081
caconda,-13.7333,15.0667,56.07,1.48,64,71,AO,1650760081
meulaboh,4.1363,96.1285,78.01,5.37,95,90,ID,1650760082
dzaoudzi,-12.7887,45.2699,82.29,9.22,20,83,YT,1650760082
oranjemund,-28.55,16.4333,54.16,13.44,15,87,NA,1650760083
auki,-8.7676,160.7034,86.58,2.24,74,62,SB,1650760083
rio cuarto,-33.1307,-64.3499,64.89,13.8,0,52,AR,1650760083
san vicente,-26.6167,-54.1333,54.45,2.89,1,87,AR,1650760084
ustye,59.6304,39.736,36.36,6.69,87,86,RU,1650760084
zavetnoye,47.1194,43.8903,49.14,7.29,41,74,RU,1650760085
jalu,29.0331,21.5482,66.47,12.88,0,51,LY,1650760085
boca do acre,-8.7522,-67.3978,76.8,0.76,62,84,BR,1650760085
gunjur,13.2019,-16.7339,71.67,3.44,17,78,GM,1650760086
nioro,13.35,-15.75,81.95,5.28,0,35,GM,1650760086
weligama,5.9667,80.4167,78.01,6.76,93,88,LK,1650760087
kokopo,-4.352,152.2633,83.75,3.04,97,64,PG,1650760087
roma,43.2128,-75.4557,44.74,4.61,100,82,US,1650760087
skibbereen,51.55,-9.2667,49.26,10.89,71,86,IE,1650760088
pangai,-19.8,-174.35,84.31,8.05,40,61,TO,1650760089
ciudad valles,21.9833,-99.0167,91.53,18.32,3,40,MX,1650760089
innisfail,-17.5333,146.0333,76.48,13.4,99,90,AU,1650759823
methoni,36.8197,21.7049,53.46,13.56,1,87,GR,1650760090
ibanda,-2.7974,32.4746,64.53,2.68,100,98,TZ,1650760090
nueva loja,0.0847,-76.8828,72.84,1.81,65,97,EC,1650760090
muscat,23.6139,58.5922,93.22,1.25,25,56,OM,1650759841
rocha,-34.4833,-54.3333,58.12,11.88,0,54,UY,1650759986
asau,46.4333,26.4,49.93,3.0,47,100,RO,1650760091
hay river,60.8156,-115.7999,31.98,6.91,20,80,CA,1650760091
rawson,-43.3002,-65.1023,58.19,26.42,10,35,AR,1650760092
okhotsk,59.3833,143.3,27.82,7.9,39,83,RU,1650760092
puerto quijarro,-17.7833,-57.7667,82.47,3.67,72,62,BO,1650760093
tonj,7.2737,28.6822,79.68,3.65,98,60,SS,1650760093
atascadero,35.4894,-120.6707,70.0,1.01,0,33,US,1650760094
bogale,16.2833,95.4,81.63,4.38,24,76,MM,1650760094
acajutla,13.5928,-89.8275,83.21,6.29,22,68,SV,1650760095
ishim,56.1128,69.4902,28.22,4.12,15,57,RU,1650760095
moissala,8.3404,17.7663,80.87,5.57,82,58,TD,1650760096
keetmanshoop,-26.5833,18.1333,57.15,11.63,1,63,NA,1650760096
labuan,5.2767,115.2417,84.56,2.3,20,84,MY,1650760096
wodonga,-36.1167,146.8833,63.19,4.61,0,88,AU,1650760097
aljezur,37.3191,-8.8033,54.43,4.97,4,91,PT,1650760097
lakselv,70.0513,24.9718,42.62,5.75,100,65,NO,1650760098
matara,5.9485,80.5353,77.4,6.33,93,90,LK,1650760098
port hedland,-20.3167,118.5667,84.25,10.36,3,24,AU,1650759968
tahoua,14.8888,5.2692,86.88,8.21,65,12,NE,1650760099
vavatenina,-17.4667,49.2,71.37,1.86,100,100,MG,1650760099
tornio,65.8481,24.1466,26.62,2.15,9,93,FI,1650760099
buala,-8.145,159.5921,85.89,4.27,43,66,SB,1650760100
imbituba,-28.24,-48.6703,71.85,6.67,8,74,BR,1650760100
nishihara,26.1842,127.7558,77.5,17.27,100,84,JP,1650760101
pacific grove,36.6177,-121.9166,57.42,9.22,0,77,US,1650760101
mapastepec,15.4333,-92.9,83.73,4.47,30,69,MX,1650760102
mishelevka,52.8575,103.1719,31.15,7.83,100,45,RU,1650760102
xiamen,24.4798,118.0819,77.05,2.24,75,88,CN,1650760103
turbat,26.0023,63.044,78.21,1.63,33,68,PK,1650760103
kabinda,-6.1333,24.4833,68.59,2.37,100,95,CD,1650760103
cobija,-11.0267,-68.7692,79.47,2.59,97,76,BO,1650760104
bandarbeyla,9.4942,50.8122,81.23,5.48,24,76,SO,1650760104
taunggyi,20.7833,97.0333,66.88,3.09,18,66,MM,1650760105
ternate,0.8,127.4,82.33,2.48,84,77,ID,1650760105
wangaratta,-36.3667,146.3333,62.82,2.3,0,68,AU,1650760105
san matias,-16.3667,-58.4,81.59,7.54,75,69,BO,1650760106
